sku,name,manufacturer,category,package_raw,price,attributes,package_quantity,package_unit,currency,description,specs
BI-10002,Zestaw do izolacji DNA z tkanek,BioPrime,Nucleic Acid Isolation,50 rxn,1955.00,przechowywanie -20C,50.0,pcs,PLN,,[]
BI-10010,Kit do izolacji RNA z krwi,BioPrime,,x50,3936.00,termin waznosci 12 mies. od daty produkcji,50.0,pcs,PLN,,[]
BI-10027,Kolumny do izolacji plazmidowego DNA,BioPrime,Nucleic Acid Isolation,50 szt.,1885.00,"przechowywanie 4C, chronic przed swiatlem",50.0,pcs,PLN,,[]
BI-10033,Zestaw do oczyszczania RNA z komorek,BioPrime,Nucleic Acid Isolation,50 reactions,3619,"przechowywanie 4C, chronic przed swiatlem",50.0,pcs,PLN,,[]
BI-10042,Kit izolacji DNA z probek FFPE,BioPrime,Nucleic Acid Isolation,x50,1705,termin waznosci 12 mies. od daty produkcji,50.0,pcs,PLN,,[]
BI-10049,Zestaw do izolacji mikroRNA,BioPrime,Nucleic Acid Isolation,50 test.,2151,"przechowywanie 4C, chronic przed swiatlem",50.0,pcs,PLN,,[]
BI-10054,Kit do izolacji DNA z gleby,BioPrime,,50-pack,229,temp. pokojowa,50.0,package,PLN,,[]
BI-10060,Zestaw do izolacji RNA wirusowego,BioPrime,Nucleic Acid Isolation,50 test.,4323,,50.0,pcs,PLN,,[]
BI-10065,Mix do PCR 2x,BioPrime,PCR reagents,50 szt.,3959,"przechowywanie 4C, chronic przed swiatlem",50.0,pcs,PLN,,[]
BI-10076,Polimeraza Taq,BioPrime,,50 test.,4285,termin waznosci 12 mies. od daty produkcji,50.0,pcs,PLN,,[]
BI-10084,Zestaw do qPCR z sonda TaqMan,BioPrime,,50szt,3720,przechowywanie -20C,50.0,pcs,PLN,,[]
BI-10092,Master Mix do RT-PCR,BioPrime,,50szt,3959,wymaga suchego lodu przy transporcie,50.0,pcs,PLN,,[]
BI-10099,Bufor PCR 10x,BioPrime,,50,3718,przechowywanie -20C,50.0,,PLN,,[]
BI-10106,dNTP Mix 10mM,BioPrime,PCR reagents,50 szt.,2038,termin waznosci 12 mies. od daty produkcji,50.0,pcs,PLN,,[]
BI-10111,Startery losowe do RT,BioPrime,PCR reagents,x50,1120,,50.0,pcs,PLN,,[]
BI-10121,Odczynnik SYBR Green,BioPrime,PCR reagents,50 reactions,2514,przechowywanie -20C,50.0,pcs,PLN,,[]
BI-10129,Zestaw do multiplex PCR,BioPrime,PCR reagents,50 reactions,3934,przechowywanie -20C,50.0,pcs,PLN,,[]
BI-10137,Probowki PCR 0.2ml,BioPrime,Laboratory Plasticware,50 kg,2467,"przechowywanie 4C, chronic przed swiatlem",50.0,kg,PLN,,[]
BI-10146,Koncowki do pipet 200ul,BioPrime,Laboratory Plasticware,100 op,710.00,wymaga suchego lodu przy transporcie,100.0,package,PLN,,[]
BI-10159,Probowki Eppendorf 1.5ml,BioPrime,,50 kg,4097.00,przechowywanie -20C,50.0,kg,PLN,,[]
BI-10169,Koncowki filtrowe 10ul,BioPrime,Disposable Equipment,50 op,,temp. pokojowa,50.0,package,,,[]
BI-10174,Plytki PCR 96-dolkowe,BioPrime,,10 ml,1188,,10.0,ml,PLN,,[]
BI-10182,Probowki wirowkowe 15ml,BioPrime,,50 g,3673,wymaga suchego lodu przy transporcie,50.0,g,PLN,,[]
BI-10190,Probowki wirowkowe 50ml,BioPrime,Laboratory Plasticware,50 szt,1892,temp. pokojowa,50.0,pcs,PLN,,[]
BI-10196,Koncowki do pipet 1000ul,BioPrime,Disposable Equipment,50 g,3542,temp. pokojowa,50.0,g,PLN,,[]
BI-10213,Pipeta automatyczna 100-1000ul,BioPrime,,10 -,709,"przechowywanie 4C, chronic przed swiatlem",10.0,,PLN,,[]
BI-10220,Waga analityczna,BioPrime,Measuring Equipment,10 kg,2921.00,przechowywanie -20C,10.0,kg,PLN,,[]
BI-10220-1,Waga analityczna,BioPrime,Measuring Equipment,10 kg,2921.00,przechowywanie -20C,10.0,kg,PLN,,[]
BI-10229,Spektrofotometr NanoDrop,BioPrime,,25 l,1419.00,przechowywanie -20C,25.0,l,PLN,,[]
BI-10240,Wirowka laboratoryjna,BioPrime,,1 op,1171,temp. pokojowa,1.0,package,PLN,,[]
BI-10247,Czytnik plytek ELISA,BioPrime,Measuring Equipment,100 -,3894,termin waznosci 12 mies. od daty produkcji,100.0,,PLN,,[]
BI-10255,pH-metr stolowy,BioPrime,Measuring Equipment,10 l,493.00,,10.0,l,PLN,,[]
BI-10264,Termostat blokowy,BioPrime,,25 kg,764,przechowywanie -20C,25.0,kg,PLN,,[]
BI-10273,Vortex laboratoryjny,BioPrime,Measuring Equipment,100 -,681.00,wymaga suchego lodu przy transporcie,100.0,,PLN,,[]
BI-10282,Etanol absolutny cz.d.a.,BioPrime,Laboratory Chemicals,5 kg,1997,temp. pokojowa,5.0,kg,PLN,,[]
BI-10282-1,Etanol absolutny cz.d.a.,BioPrime,Laboratory Chemicals,5 kg,1997,temp. pokojowa,5.0,kg,PLN,,[]
BI-10291,Chloroform cz.d.a.,BioPrime,Laboratory Chemicals,25 l,4368,"przechowywanie 4C, chronic przed swiatlem",25.0,l,PLN,,[]
BI-10301,Bufor TE 1x,BioPrime,Laboratory Chemicals,50 szt,752,,50.0,pcs,PLN,,[]
BI-10310,Woda wolna od nukleaz,BioPrime,Laboratory Chemicals,50 kg,368,,50.0,kg,PLN,,[]
BI-10318,Izopropanol cz.d.a.,BioPrime,Laboratory Chemicals,25 kg,3260,temp. pokojowa,25.0,kg,PLN,,[]
BI-10326,Bufor TBE 10x,BioPrime,Laboratory Chemicals,50 l,4061.00,temp. pokojowa,50.0,l,PLN,,[]
BI-10334,SDS 10% roztwor,BioPrime,Laboratory Chemicals,100 l,2911,,100.0,l,PLN,,[]
BI-10344,Agaroza do elektroforezy,BioPrime,Laboratory Chemicals,25 op,820,,25.0,package,PLN,,[]
BI-10351,Bufor PBS 1x,BioPrime,Laboratory Chemicals,10 g,3242,termin waznosci 12 mies. od daty produkcji,10.0,g,PLN,,[]
CH-10003,Zestaw do izolacji DNA z tkanek,ChemTech Supply,Nucleic Acid Isolation,50 test.,2426,przechowywanie -20C,50.0,pcs,PLN,,[]
CH-10011,Kit do izolacji RNA z krwi,ChemTech Supply,Nucleic Acid Isolation,50 rxn,2734.00,przechowywanie -20C,50.0,pcs,PLN,,[]
CH-10021,Zestaw do izolacji DNA genomowego,ChemTech Supply,Nucleic Acid Isolation,50 reactions,2554,wymaga suchego lodu przy transporcie,50.0,pcs,PLN,,[]
CH-10034,Zestaw do oczyszczania RNA z komorek,ChemTech Supply,Nucleic Acid Isolation,50 rxn,2929,wymaga suchego lodu przy transporcie,50.0,pcs,PLN,,[]
CH-10043,Kit izolacji DNA z probek FFPE,ChemTech Supply,,50,4269,wymaga suchego lodu przy transporcie,50.0,,PLN,,[]
CH-10050,Zestaw do izolacji mikroRNA,ChemTech Supply,,50 rxn,2602,przechowywanie -20C,50.0,pcs,PLN,,[]
CH-10055,Kit do izolacji DNA z gleby,ChemTech Supply,Nucleic Acid Isolation,x50,3137.00,wymaga suchego lodu przy transporcie,50.0,pcs,PLN,,[]
CH-10061,Zestaw do izolacji RNA wirusowego,ChemTech Supply,Nucleic Acid Isolation,50 reactions,3709,"przechowywanie 4C, chronic przed swiatlem",50.0,pcs,PLN,,[]
CH-10068,Mix do PCR 2x,ChemTech Supply,PCR reagents,x50,844,,50.0,pcs,PLN,,[]
CH-10078,Polimeraza Taq,ChemTech Supply,PCR reagents,50szt,4119.00,"przechowywanie 4C, chronic przed swiatlem",50.0,pcs,PLN,,[]
CH-10086,Zestaw do qPCR z sonda TaqMan,ChemTech Supply,PCR reagents,50,1195,termin waznosci 12 mies. od daty produkcji,50.0,,PLN,,[]
CH-10101,Bufor PCR 10x,ChemTech Supply,PCR reagents,50,385.00,wymaga suchego lodu przy transporcie,50.0,,PLN,,[]
CH-10107,dNTP Mix 10mM,ChemTech Supply,PCR reagents,50szt,4116,wymaga suchego lodu przy transporcie,50.0,pcs,PLN,,[]
CH-10114,Startery losowe do RT,ChemTech Supply,PCR reagents,50-pack,2585.00,,50.0,package,PLN,,[]
CH-10122,Odczynnik SYBR Green,ChemTech Supply,PCR reagents,50 szt.,4249,"przechowywanie 4C, chronic przed swiatlem",50.0,pcs,PLN,,[]
CH-10130,Zestaw do multiplex PCR,ChemTech Supply,,50,572,temp. pokojowa,50.0,,PLN,,[]
CH-10138,Probowki PCR 0.2ml,ChemTech Supply,Laboratory Plasticware,50 -,,,50.0,,,,[]
CH-10148,Koncowki do pipet 200ul,ChemTech Supply,Laboratory Plasticware,100 op,973,przechowywanie -20C,100.0,package,PLN,,[]
CH-10155,Plytki 96-dolkowe,ChemTech Supply,,5 g,2093.00,,5.0,g,PLN,,[]
CH-10160,Probowki Eppendorf 1.5ml,ChemTech Supply,Laboratory Plasticware,5 -,3405,temp. pokojowa,5.0,,PLN,,[]
CH-10170,Koncowki filtrowe 10ul,ChemTech Supply,Laboratory Plasticware,25 g,963.00,przechowywanie -20C,25.0,g,PLN,,[]
CH-10175,Plytki PCR 96-dolkowe,ChemTech Supply,Disposable Equipment,25 -,4354,,25.0,,PLN,,[]
CH-10184,Probowki wirowkowe 15ml,ChemTech Supply,Disposable Equipment,25 op,3646.00,temp. pokojowa,25.0,package,PLN,,[]
CH-10191,Probowki wirowkowe 50ml,ChemTech Supply,Laboratory Plasticware,10 szt,2002,wymaga suchego lodu przy transporcie,10.0,pcs,PLN,,[]
CH-10197,Koncowki do pipet 1000ul,ChemTech Supply,,25 szt,2676,przechowywanie -20C,25.0,pcs,PLN,,[]
CH-10205,Termocykler PCR,ChemTech Supply,Measuring Equipment,100 kg,2143,,100.0,kg,PLN,,[]
CH-10214,Pipeta automatyczna 100-1000ul,ChemTech Supply,,1 kg,3932,,1.0,kg,PLN,,[]
CH-10223,Waga analityczna,ChemTech Supply,Measuring Equipment,10 kg,817.00,temp. pokojowa,10.0,kg,PLN,,[]
CH-10232,Spektrofotometr NanoDrop,ChemTech Supply,,1 op,1223,wymaga suchego lodu przy transporcie,1.0,package,PLN,,[]
CH-10243,Wirowka laboratoryjna,ChemTech Supply,Measuring Equipment,25 ml,368,przechowywanie -20C,25.0,ml,PLN,,[]
CH-10248,Czytnik plytek ELISA,ChemTech Supply,Measuring Equipment,10 g,3040,termin waznosci 12 mies. od daty produkcji,10.0,g,PLN,,[]
CH-10248A,Czytnik plytek ELISA,ChemTech Supply,Measuring Equipment,10 g,3040,termin waznosci 12 mies. od daty produkcji,10.0,g,PLN,,[]
CH-10258,pH-metr stolowy,ChemTech Supply,Measuring Equipment,10 ml,3074.00,temp. pokojowa,10.0,ml,PLN,,[]
CH-10267,Termostat blokowy,ChemTech Supply,Measuring Equipment,1 l,3116,,1.0,l,PLN,,[]
CH-10274,Vortex laboratoryjny,ChemTech Supply,Measuring Equipment,50 l,2089,przechowywanie -20C,50.0,l,PLN,,[]
CH-10285,Etanol absolutny cz.d.a.,ChemTech Supply,Laboratory Chemicals,5 op,,wymaga suchego lodu przy transporcie,5.0,package,,,[]
CH-10293,Chloroform cz.d.a.,ChemTech Supply,Laboratory Chemicals,5 ml,,wymaga suchego lodu przy transporcie,5.0,ml,,,[]
CH-10304,Bufor TE 1x,ChemTech Supply,Laboratory Chemicals,50 op,942.00,temp. pokojowa,50.0,package,PLN,,[]
CH-10313,Woda wolna od nukleaz,ChemTech Supply,,25 l,2134,"przechowywanie 4C, chronic przed swiatlem",25.0,l,PLN,,[]
CH-10327,Bufor TBE 10x,ChemTech Supply,Laboratory Chemicals,100 szt,455,przechowywanie -20C,100.0,pcs,PLN,,[]
CH-10336,SDS 10% roztwor,ChemTech Supply,Laboratory Chemicals,50 kg,,"przechowywanie 4C, chronic przed swiatlem",50.0,kg,,,[]
CH-10345,Agaroza do elektroforezy,ChemTech Supply,,1 ml,1377.00,,1.0,ml,PLN,,[]
CH-10352,Bufor PBS 1x,ChemTech Supply,Laboratory Chemicals,50 g,4482,temp. pokojowa,50.0,g,PLN,,[]
ME-10007,Zestaw do izolacji DNA z tkanek,MedioScience,Nucleic Acid Isolation,50szt,719,wymaga suchego lodu przy transporcie,50.0,pcs,PLN,,[]
ME-10017,Kit do izolacji RNA z krwi,MedioScience,,50 szt.,3421,,50.0,pcs,PLN,,[]
ME-10023,Zestaw do izolacji DNA genomowego,MedioScience,,50 rxn,309.00,temp. pokojowa,50.0,pcs,PLN,,[]
ME-10030,Kolumny do izolacji plazmidowego DNA,MedioScience,,50szt,208,przechowywanie -20C,50.0,pcs,PLN,,[]
ME-10038,Zestaw do oczyszczania RNA z komorek,MedioScience,Nucleic Acid Isolation,50 reactions,4128,wymaga suchego lodu przy transporcie,50.0,pcs,PLN,,[]
ME-10047,Kit izolacji DNA z probek FFPE,MedioScience,Nucleic Acid Isolation,50 szt.,2325,wymaga suchego lodu przy transporcie,50.0,pcs,PLN,,[]
ME-10052,Zestaw do izolacji mikroRNA,MedioScience,Nucleic Acid Isolation,50-pack,511,termin waznosci 12 mies. od daty produkcji,50.0,package,PLN,,[]
ME-10057,Kit do izolacji DNA z gleby,MedioScience,Nucleic Acid Isolation,50szt,2335,"przechowywanie 4C, chronic przed swiatlem",50.0,pcs,PLN,,[]
ME-10063,Zestaw do izolacji RNA wirusowego,MedioScience,,50 test.,2683,temp. pokojowa,50.0,pcs,PLN,,[]
ME-10072,Mix do PCR 2x,MedioScience,PCR reagents,50-pack,4199,przechowywanie -20C,50.0,package,PLN,,[]
ME-10080,Polimeraza Taq,MedioScience,PCR reagents,50 reactions,3966,przechowywanie -20C,50.0,pcs,PLN,,[]
ME-10090,Zestaw do qPCR z sonda TaqMan,MedioScience,PCR reagents,50-pack,2216,temp. pokojowa,50.0,package,PLN,,[]
ME-10096,Master Mix do RT-PCR,MedioScience,PCR reagents,50 rxn,3185.00,przechowywanie -20C,50.0,pcs,PLN,,[]
ME-10104,Bufor PCR 10x,MedioScience,PCR reagents,50szt,4050,temp. pokojowa,50.0,pcs,PLN,,[]
ME-10109,dNTP Mix 10mM,MedioScience,PCR reagents,50 reactions,4071,temp. pokojowa,50.0,pcs,PLN,,[]
ME-10118,Startery losowe do RT,MedioScience,PCR reagents,50-pack,3999,temp. pokojowa,50.0,package,PLN,,[]
ME-10127,Odczynnik SYBR Green,MedioScience,PCR reagents,x50,897.00,"przechowywanie 4C, chronic przed swiatlem",50.0,pcs,PLN,,[]
ME-10133,Zestaw do multiplex PCR,MedioScience,PCR reagents,50 reactions,2540.00,"przechowywanie 4C, chronic przed swiatlem",50.0,pcs,PLN,,[]
ME-10143,Probowki PCR 0.2ml,MedioScience,Laboratory Plasticware,1 -,3756,termin waznosci 12 mies. od daty produkcji,1.0,,PLN,,[]
ME-10152,Koncowki do pipet 200ul,MedioScience,Disposable Equipment,50 op,2052,termin waznosci 12 mies. od daty produkcji,50.0,package,PLN,,[]
ME-10157,Plytki 96-dolkowe,MedioScience,Laboratory Plasticware,100 l,945.00,"przechowywanie 4C, chronic przed swiatlem",100.0,l,PLN,,[]
ME-10165,Probowki Eppendorf 1.5ml,MedioScience,,50 l,667,wymaga suchego lodu przy transporcie,50.0,l,PLN,,[]
ME-10172,Koncowki filtrowe 10ul,MedioScience,Laboratory Plasticware,50 l,1919,,50.0,l,PLN,,[]
ME-10180,Plytki PCR 96-dolkowe,MedioScience,Laboratory Plasticware,1 kg,1183.00,"przechowywanie 4C, chronic przed swiatlem",1.0,kg,PLN,,[]
ME-10186,Probowki wirowkowe 15ml,MedioScience,Laboratory Plasticware,1 -,3687.00,wymaga suchego lodu przy transporcie,1.0,,PLN,,[]
ME-10193,Probowki wirowkowe 50ml,MedioScience,Laboratory Plasticware,100 szt,3589.00,wymaga suchego lodu przy transporcie,100.0,pcs,PLN,,[]
ME-10201,Koncowki do pipet 1000ul,MedioScience,Laboratory Plasticware,50 szt,496,przechowywanie -20C,50.0,pcs,PLN,,[]
ME-10209,Termocykler PCR,MedioScience,,5 -,3012,wymaga suchego lodu przy transporcie,5.0,,PLN,,[]
ME-10218,Pipeta automatyczna 100-1000ul,MedioScience,Measuring Equipment,10 szt,656,przechowywanie -20C,10.0,pcs,PLN,,[]
ME-10225,Waga analityczna,MedioScience,Measuring Equipment,50 op,2686,termin waznosci 12 mies. od daty produkcji,50.0,package,PLN,,[]
ME-10237,Spektrofotometr NanoDrop,MedioScience,Measuring Equipment,50 l,3163,"przechowywanie 4C, chronic przed swiatlem",50.0,l,PLN,,[]
ME-10245,Wirowka laboratoryjna,MedioScience,Measuring Equipment,1 kg,4020,przechowywanie -20C,1.0,kg,PLN,,[]
ME-10252,Czytnik plytek ELISA,MedioScience,Measuring Equipment,100 ml,3075,,100.0,ml,PLN,,[]
ME-10262,pH-metr stolowy,MedioScience,,1 op,3677.00,temp. pokojowa,1.0,package,PLN,,[]
ME-10269,Termostat blokowy,MedioScience,Measuring Equipment,1 ml,1674,temp. pokojowa,1.0,ml,PLN,,[]
ME-10280,Vortex laboratoryjny,MedioScience,Measuring Equipment,25 -,757,"przechowywanie 4C, chronic przed swiatlem",25.0,,PLN,,[]
ME-10289,Etanol absolutny cz.d.a.,MedioScience,Laboratory Chemicals,100 szt,2156,temp. pokojowa,100.0,pcs,PLN,,[]
ME-10297,Chloroform cz.d.a.,MedioScience,Laboratory Chemicals,50 g,2122,temp. pokojowa,50.0,g,PLN,,[]
ME-10306,Bufor TE 1x,MedioScience,Laboratory Chemicals,50 g,1295.00,wymaga suchego lodu przy transporcie,50.0,g,PLN,,[]
ME-10315,Woda wolna od nukleaz,MedioScience,Laboratory Chemicals,50 g,3915.00,termin waznosci 12 mies. od daty produkcji,50.0,g,PLN,,[]
ME-10322,Izopropanol cz.d.a.,MedioScience,Laboratory Chemicals,50 op,1274,przechowywanie -20C,50.0,package,PLN,,[]
ME-10329,Bufor TBE 10x,MedioScience,Laboratory Chemicals,100 -,2521,temp. pokojowa,100.0,,PLN,,[]
ME-10338,SDS 10% roztwor,MedioScience,Laboratory Chemicals,100 kg,1118.00,wymaga suchego lodu przy transporcie,100.0,kg,PLN,,[]
ME-10349,Agaroza do elektroforezy,MedioScience,Laboratory Chemicals,50 g,2674,termin waznosci 12 mies. od daty produkcji,50.0,g,PLN,,[]
ME-10356,Bufor PBS 1x,MedioScience,Laboratory Chemicals,100 g,278,,100.0,g,PLN,,[]
NO-10001,Zestaw do izolacji DNA z tkanek,NovaGen Labs,Nucleic Acid Isolation,50szt,862,przechowywanie -20C,50.0,pcs,PLN,,[]
NO-10009,Kit do izolacji RNA z krwi,NovaGen Labs,Nucleic Acid Isolation,50,1482,termin waznosci 12 mies. od daty produkcji,50.0,,PLN,Zestaw do szybkiej izolacji całkowitego RNA z pełnej krwi i leukocytów. Kompatybilny z downstream RT-PCR i qPCR. Wydajność do 5 µg RNA z 200 µl krwi.,"['Przechowywanie: 4°C', 'Zastosowania: diagnostyka molekularna, badania ekspresji genów']"
NO-10018,Zestaw do izolacji DNA genomowego,NovaGen Labs,Nucleic Acid Isolation,x50,3302,,50.0,pcs,PLN,,[]
NO-10024,Kolumny do izolacji plazmidowego DNA,NovaGen Labs,,50 reactions,4131,termin waznosci 12 mies. od daty produkcji,50.0,pcs,PLN,"Kolumny membranowe do oczyszczania plazmidowego DNA z hodowli bakteryjnych, skala midi. Wysoka czystość, nadaje się do sekwencjonowania i transfekcji.",['Przechowywanie: temp. pokojowa']
NO-10031,Zestaw do oczyszczania RNA z komorek,NovaGen Labs,,50szt,1233,wymaga suchego lodu przy transporcie,50.0,pcs,PLN,,[]
NO-10039,Kit izolacji DNA z probek FFPE,NovaGen Labs,Nucleic Acid Isolation,50-pack,2322.00,"przechowywanie 4C, chronic przed swiatlem",50.0,package,PLN,,[]
NO-10048,Zestaw do izolacji mikroRNA,NovaGen Labs,Nucleic Acid Isolation,50 test.,744,,50.0,pcs,PLN,"Selektywna izolacja frakcji mikroRNA (<200 nt) z tkanek i linii komórkowych, oddzielnie od pozostałego RNA.","['Zastosowania: badania nad regulacją ekspresji genów, onkologia']"
NO-10059,Zestaw do izolacji RNA wirusowego,NovaGen Labs,Nucleic Acid Isolation,50 szt.,1732,temp. pokojowa,50.0,pcs,PLN,,[]
NO-10064,Mix do PCR 2x,NovaGen Labs,,x50,3255.00,"przechowywanie 4C, chronic przed swiatlem",50.0,pcs,PLN,"Uniwersalny mix 2x do standardowych reakcji PCR — polimeraza, bufor, dNTP w jednej fiolce. Nie wymaga dodatkowego MgCl2.","['Zastosowania: genotypowanie, screening kolonii']"
NO-10073,Polimeraza Taq,NovaGen Labs,PCR reagents,50,2191,"przechowywanie 4C, chronic przed swiatlem",50.0,,PLN,,[]
NO-10082,Zestaw do qPCR z sonda TaqMan,NovaGen Labs,PCR reagents,50 rxn,198.00,"przechowywanie 4C, chronic przed swiatlem",50.0,pcs,PLN,,[]
NO-10091,Master Mix do RT-PCR,NovaGen Labs,PCR reagents,50 rxn,1783,wymaga suchego lodu przy transporcie,50.0,pcs,PLN,Gotowy mix odwrotnej transkryptazy i polimerazy do reakcji jednoetapowej RT-PCR. Zoptymalizowany pod matryce o niskiej ilości RNA wejściowego.,"['Przechowywanie: -20°C, unikać wielokrotnego rozmrażania', 'Zastosowania: diagnostyka wirusowa, badania kliniczne']"
NO-10098,Bufor PCR 10x,NovaGen Labs,PCR reagents,50-pack,3916,termin waznosci 12 mies. od daty produkcji,50.0,package,PLN,,[]
NO-10105,dNTP Mix 10mM,NovaGen Labs,PCR reagents,50 test.,2966.00,temp. pokojowa,50.0,pcs,PLN,,[]
NO-10110,Startery losowe do RT,NovaGen Labs,PCR reagents,50,1084,,50.0,,PLN,"Mieszanina heksamerów losowych do inicjacji odwrotnej transkrypcji, niezależnie od sekwencji matrycy.",[]
NO-10120,Odczynnik SYBR Green,NovaGen Labs,,50szt,1770,termin waznosci 12 mies. od daty produkcji,50.0,pcs,PLN,Barwnik interkalujący do detekcji produktu w reakcjach qPCR w czasie rzeczywistym. Kompatybilny z większością termocyklerów.,"['Przechowywanie: -20°C, chronić przed światłem', 'Zastosowania: qPCR, analiza krzywej topnienia']"
NO-10128,Zestaw do multiplex PCR,NovaGen Labs,PCR reagents,50 test.,3522,,50.0,pcs,PLN,,[]
NO-10135,Probowki PCR 0.2ml,NovaGen Labs,Laboratory Plasticware,25 szt,3292,przechowywanie -20C,25.0,pcs,PLN,,[]
NO-10144,Koncowki do pipet 200ul,NovaGen Labs,Laboratory Plasticware,25 -,3406.00,termin waznosci 12 mies. od daty produkcji,25.0,,PLN,,[]
NO-10153,Plytki 96-dolkowe,NovaGen Labs,Laboratory Plasticware,25 kg,3768.00,termin waznosci 12 mies. od daty produkcji,25.0,kg,PLN,,[]
NO-10158,Probowki Eppendorf 1.5ml,NovaGen Labs,Laboratory Plasticware,1 kg,3553,,1.0,kg,PLN,,[]
NO-10166,Koncowki filtrowe 10ul,NovaGen Labs,Laboratory Plasticware,25 ml,3333,temp. pokojowa,25.0,ml,PLN,,[]
NO-10173,Plytki PCR 96-dolkowe,NovaGen Labs,Laboratory Plasticware,50 kg,1579,temp. pokojowa,50.0,kg,PLN,,[]
NO-10189,Probowki wirowkowe 50ml,NovaGen Labs,,50 kg,1151,temp. pokojowa,50.0,kg,PLN,,[]
NO-10194,Koncowki do pipet 1000ul,NovaGen Labs,,50 ml,580,temp. pokojowa,50.0,ml,PLN,,[]
NO-10202,Termocykler PCR,NovaGen Labs,Measuring Equipment,50 g,1093,przechowywanie -20C,50.0,g,PLN,,[]
NO-10210,Pipeta automatyczna 100-1000ul,NovaGen Labs,,5 -,3950,termin waznosci 12 mies. od daty produkcji,5.0,,PLN,,[]
NO-10219,Waga analityczna,NovaGen Labs,Measuring Equipment,50 op,3736,,50.0,package,PLN,,[]
NO-10228,Spektrofotometr NanoDrop,NovaGen Labs,Measuring Equipment,100 op,3114.00,temp. pokojowa,100.0,package,PLN,,[]
NO-10239,Wirowka laboratoryjna,NovaGen Labs,,50 g,1477,termin waznosci 12 mies. od daty produkcji,50.0,g,PLN,,[]
NO-10246,Czytnik plytek ELISA,NovaGen Labs,Measuring Equipment,50 op,3617,temp. pokojowa,50.0,package,PLN,"Czytnik absorbancji do płytek 96-dołkowych, zakres 340-750 nm. Sterowanie przez oprogramowanie dołączone na USB.","['Zastosowania: immunodiagnostyka, testy ELISA']"
NO-10253,pH-metr stolowy,NovaGen Labs,Measuring Equipment,1 kg,1584,wymaga suchego lodu przy transporcie,1.0,kg,PLN,,[]
NO-10263,Termostat blokowy,NovaGen Labs,Measuring Equipment,10 g,3029,przechowywanie -20C,10.0,g,PLN,,[]
NO-10271,Vortex laboratoryjny,NovaGen Labs,Measuring Equipment,50 kg,4173,"przechowywanie 4C, chronic przed swiatlem",50.0,kg,PLN,,[]
NO-10281,Etanol absolutny cz.d.a.,NovaGen Labs,Laboratory Chemicals,50 op,1640,,50.0,package,PLN,,[]
NO-10290,Chloroform cz.d.a.,NovaGen Labs,Laboratory Chemicals,25 g,3954,temp. pokojowa,25.0,g,PLN,,[]
NO-10299,Bufor TE 1x,NovaGen Labs,Laboratory Chemicals,50 ml,1247.00,"przechowywanie 4C, chronic przed swiatlem",50.0,ml,PLN,,[]
NO-10309,Woda wolna od nukleaz,NovaGen Labs,Laboratory Chemicals,50 kg,2605,przechowywanie -20C,50.0,kg,PLN,,[]
NO-10316,Izopropanol cz.d.a.,NovaGen Labs,,25 l,2595.00,temp. pokojowa,25.0,l,PLN,"Alkohol izopropylowy czystości analitycznej, do zastosowań laboratoryjnych i precypitacji kwasów nukleinowych.",[]
NO-10325,Bufor TBE 10x,NovaGen Labs,Laboratory Chemicals,100 l,2855,przechowywanie -20C,100.0,l,PLN,,[]
NO-10332,SDS 10% roztwor,NovaGen Labs,,25 l,4280,temp. pokojowa,25.0,l,PLN,,[]
NO-10341,Agaroza do elektroforezy,NovaGen Labs,Laboratory Chemicals,100 ml,3160,"przechowywanie 4C, chronic przed swiatlem",100.0,ml,PLN,,[]
NO-10350,Bufor PBS 1x,NovaGen Labs,Laboratory Chemicals,25 kg,672,temp. pokojowa,25.0,kg,PLN,,[]
PO-10004,Zestaw do izolacji DNA z tkanek,PolyLab Systems,Nucleic Acid Isolation,50 szt.,505,,50.0,pcs,PLN,,[]
PO-10014,Kit do izolacji RNA z krwi,PolyLab Systems,Nucleic Acid Isolation,50szt,3908.00,wymaga suchego lodu przy transporcie,50.0,pcs,PLN,,[]
PO-10022,Zestaw do izolacji DNA genomowego,PolyLab Systems,,x50,1021,wymaga suchego lodu przy transporcie,50.0,pcs,PLN,,[]
PO-10029,Kolumny do izolacji plazmidowego DNA,PolyLab Systems,,50,1990.00,przechowywanie -20C,50.0,,PLN,,[]
PO-10035,Zestaw do oczyszczania RNA z komorek,PolyLab Systems,Nucleic Acid Isolation,x50,767,,50.0,pcs,PLN,,[]
PO-10044,Kit izolacji DNA z probek FFPE,PolyLab Systems,Nucleic Acid Isolation,50-pack,821,termin waznosci 12 mies. od daty produkcji,50.0,package,PLN,,[]
PO-10051,Zestaw do izolacji mikroRNA,PolyLab Systems,Nucleic Acid Isolation,50 szt.,2312,temp. pokojowa,50.0,pcs,PLN,,[]
PO-10056,Kit do izolacji DNA z gleby,PolyLab Systems,Nucleic Acid Isolation,50-pack,1600,przechowywanie -20C,50.0,package,PLN,,[]
PO-10062,Zestaw do izolacji RNA wirusowego,PolyLab Systems,Nucleic Acid Isolation,50 rxn,4409.00,"przechowywanie 4C, chronic przed swiatlem",50.0,pcs,PLN,,[]
PO-10069,Mix do PCR 2x,PolyLab Systems,PCR reagents,x50,350,"przechowywanie 4C, chronic przed swiatlem",50.0,pcs,PLN,,[]
PO-10079,Polimeraza Taq,PolyLab Systems,PCR reagents,50 szt.,2769,wymaga suchego lodu przy transporcie,50.0,pcs,PLN,,[]
PO-10088,Zestaw do qPCR z sonda TaqMan,PolyLab Systems,PCR reagents,50 rxn,1883,temp. pokojowa,50.0,pcs,PLN,,[]
PO-10093,Master Mix do RT-PCR,PolyLab Systems,PCR reagents,50-pack,3399,termin waznosci 12 mies. od daty produkcji,50.0,package,PLN,,[]
PO-10093A,Master Mix do RT-PCR,PolyLab Systems,PCR reagents,50-pack,3399,termin waznosci 12 mies. od daty produkcji,50.0,package,PLN,,[]
PO-10102,Bufor PCR 10x,PolyLab Systems,PCR reagents,50 test.,2413,przechowywanie -20C,50.0,pcs,PLN,,[]
PO-10108,dNTP Mix 10mM,PolyLab Systems,PCR reagents,50 szt.,265,,50.0,pcs,PLN,,[]
PO-10117,Startery losowe do RT,PolyLab Systems,PCR reagents,50szt,2317,wymaga suchego lodu przy transporcie,50.0,pcs,PLN,,[]
PO-10125,Odczynnik SYBR Green,PolyLab Systems,PCR reagents,50 rxn,898,wymaga suchego lodu przy transporcie,50.0,pcs,PLN,,[]
PO-10132,Zestaw do multiplex PCR,PolyLab Systems,PCR reagents,50 rxn,262,przechowywanie -20C,50.0,pcs,PLN,,[]
PO-10140,Probowki PCR 0.2ml,PolyLab Systems,Laboratory Plasticware,10 op,1396,przechowywanie -20C,10.0,package,PLN,,[]
PO-10149,Koncowki do pipet 200ul,PolyLab Systems,Laboratory Plasticware,10 kg,1342,wymaga suchego lodu przy transporcie,10.0,kg,PLN,,[]
PO-10156,Plytki 96-dolkowe,PolyLab Systems,Laboratory Plasticware,100 g,551.00,wymaga suchego lodu przy transporcie,100.0,g,PLN,,[]
PO-10162,Probowki Eppendorf 1.5ml,PolyLab Systems,Laboratory Plasticware,100 op,3271,"przechowywanie 4C, chronic przed swiatlem",100.0,package,PLN,,[]
PO-10171,Koncowki filtrowe 10ul,PolyLab Systems,Laboratory Plasticware,25 ml,324,wymaga suchego lodu przy transporcie,25.0,ml,PLN,,[]
PO-10178,Plytki PCR 96-dolkowe,PolyLab Systems,Laboratory Plasticware,25 op,3440,termin waznosci 12 mies. od daty produkcji,25.0,package,PLN,,[]
PO-10192,Probowki wirowkowe 50ml,PolyLab Systems,Laboratory Plasticware,10 ml,1323,termin waznosci 12 mies. od daty produkcji,10.0,ml,PLN,,[]
PO-10198,Koncowki do pipet 1000ul,PolyLab Systems,,10 kg,4224,wymaga suchego lodu przy transporcie,10.0,kg,PLN,,[]
PO-10206,Termocykler PCR,PolyLab Systems,Measuring Equipment,10 op,2931,,10.0,package,PLN,,[]
PO-10215,Pipeta automatyczna 100-1000ul,PolyLab Systems,Measuring Equipment,100 -,889,"przechowywanie 4C, chronic przed swiatlem",100.0,,PLN,,[]
PO-10235,Spektrofotometr NanoDrop,PolyLab Systems,Measuring Equipment,100 g,2095,,100.0,g,PLN,,[]
PO-10244,Wirowka laboratoryjna,PolyLab Systems,Measuring Equipment,25 ml,3221,termin waznosci 12 mies. od daty produkcji,25.0,ml,PLN,,[]
PO-10251,Czytnik plytek ELISA,PolyLab Systems,Measuring Equipment,1 szt,3348,przechowywanie -20C,1.0,pcs,PLN,,[]
PO-10259,pH-metr stolowy,PolyLab Systems,Measuring Equipment,25 op,1680,termin waznosci 12 mies. od daty produkcji,25.0,package,PLN,,[]
PO-10268,Termostat blokowy,PolyLab Systems,,10 kg,1277.00,"przechowywanie 4C, chronic przed swiatlem",10.0,kg,PLN,,[]
PO-10277,Vortex laboratoryjny,PolyLab Systems,Measuring Equipment,25 -,2683,termin waznosci 12 mies. od daty produkcji,25.0,,PLN,,[]
PO-10288,Etanol absolutny cz.d.a.,PolyLab Systems,Laboratory Chemicals,50 ml,815,,50.0,ml,PLN,,[]
PO-10296,Chloroform cz.d.a.,PolyLab Systems,Laboratory Chemicals,5 -,3974,temp. pokojowa,5.0,,PLN,,[]
PO-10305,Bufor TE 1x,PolyLab Systems,Laboratory Chemicals,5 szt,4320,przechowywanie -20C,5.0,pcs,PLN,,[]
PO-10314,Woda wolna od nukleaz,PolyLab Systems,Laboratory Chemicals,100 l,4260,,100.0,l,PLN,,[]
PO-10319,Izopropanol cz.d.a.,PolyLab Systems,Laboratory Chemicals,10 op,2250,wymaga suchego lodu przy transporcie,10.0,package,PLN,,[]
PO-10337,SDS 10% roztwor,PolyLab Systems,Laboratory Chemicals,10 g,2337.00,,10.0,g,PLN,,[]
PO-10346,Agaroza do elektroforezy,PolyLab Systems,,25 ml,3799,,25.0,ml,PLN,,[]
PO-10355,Bufor PBS 1x,PolyLab Systems,Laboratory Chemicals,50 g,2177,temp. pokojowa,50.0,g,PLN,,[]
